key,en,nl,ar
"+ Absence","+ Absence","+ Afwezigheid","+ غياب"
"+ Leave","+ Leave","+ Verlof","+ إجازة"
"-","-","-","-"
"About App","About App","Over de app","حول التطبيق"
"Absence created successfully","Absence created successfully","Afwezigheid succesvol aangemaakt","تم إنشاء الغياب بنجاح"
"Add Note","Add Note","Notitie toevoegen","إضافة ملاحظة"
"Add Qty.....","Add Qty.....","Aantal toevoegen.....","إضافة الكمية....."
"Add extra stop","Add extra stop","Extra stop toevoegen","إضافة محطة إضافية"
"Add gallery images","Add gallery images","Galerijafbeeldingen toevoegen","إضافة صور المعرض"
"Add images","Add images","Afbeeldingen toevoegen","إضافة صور"
"Add price...","Add price...","Prijs toevoegen...","إضافة السعر..."
"Add title.....","Add title.....","Titel toevoegen.....","إضافة العنوان....."
"Already Scanned","Already Scanned","Al gescand","تم المسح مسبقاً"
"Already have an account? Log in","Already have an account? Log in","Heb je al een account? Log in","هل لديك حساب؟ تسجيل الدخول"
"Apply Filter","Apply Filter","Filter toepassen","تطبيق الفلتر"
"Are you sure you want to cancel this booking?","Are you sure you want to cancel this booking?","Weet u zeker dat u deze boeking wilt annuleren?","هل أنت متأكد أنك تريد إلغاء هذا الحجز؟"
"Are you sure you want to complete this booking?","Are you sure you want to complete this booking?","Weet u zeker dat u deze boeking wilt afronden?","هل أنت متأكد أنك تريد إكمال هذا الحجز؟"
"Are you sure you want to delete this file?","Are you sure you want to delete this file?","Weet u zeker dat u dit bestand wilt verwijderen?","هل أنت متأكد أنك تريد حذف هذا الملف؟"
"Are you sure you want to delete?","Are you sure you want to delete?","Weet u zeker dat u wilt verwijderen?","هل أنت متأكد أنك تريد الحذف؟"
"Arrival","Arrival","Aankomst","الوصول"
"BTW","BTW","BTW","ضريبة القيمة المضافة"
"Back","Back","Terug","رجوع"
"Begin & Einde","Begin & Einde","Begin & Einde","البداية والنهاية"
"Birth Date","Birth Date","Geboortedatum","تاريخ الميلاد"
"Birth Place","Birth Place","Geboorteplaats","مكان الميلاد"
"Booking","Booking","Boeking","حجز"
"Booking Details","Booking Details","Boekingsdetails","تفاصيل الحجز"
"Booking Id","Booking Id","Boekings-ID","رقم الحجز"
"Booking List","Booking List","Boekingslijst","قائمة الحجوزات"
"Booking Summary","Booking Summary","Boekingssamenvatting","ملخص الحجز"
"Booking cancelled","Booking cancelled","Boeking geannuleerd","تم إلغاء الحجز"
"Booking completed","Booking completed","Boeking voltooid","تم إكمال الحجز"
"Booking confirmed","Booking confirmed","Boeking bevestigd","تم تأكيد الحجز"
"Breake","Breake","Pauze","استراحة"
"Brog","Brog","Brok","قطعة"
"Burgerservicenummer (BSN) ","Burgerservicenummer (BSN) ","Burgerservicenummer (BSN)","رقم الخدمة المدنية (BSN)"
"Business","Business","Bedrijf","الأعمال"
"Business tags","Business tags","Bedrijfstags","وسوم الأعمال"
"Camera permission is required","Camera permission is required","Cameratoestemming is vereist","إذن الكاميرا مطلوب"
"Change Email","Change Email","E-mail wijzigen","تغيير البريد الإلكتروني"
"Change WhatsApp Number","Change WhatsApp Number","WhatsApp nummer wijzigen","تغيير رقم واتساب"
"Change photo","Change photo","Foto wijzigen","تغيير الصورة"
"Check In & Out","Check In & Out","In- & uitchecken","تسجيل الدخول / الخروج"
"Child Contract","Child Contract","Kindercontract","عقد الطفل"
"Child Time","Child Time","Kindtijd","وقت الطفل"
"Choose image","Choose image","Kies afbeelding","اختر صورة"
"Clear","Clear","Wissen","مسح"
"Client","Client","Klant","العميل"
"Close day","Close day","Dag sluiten","إغلاق اليوم"
"Closed Date","Closed Date","Sluitingsdatum","تاريخ الإغلاق"
"Comment added","Comment added","Opmerking toegevoegd","تمت إضافة التعليق"
"Company","Company","Bedrijf","الشركة"
"Company Name","Company Name","Bedrijfsnaam","اسم الشركة"
"Company created successfully!","Company created successfully!","Bedrijf succesvol aangemaakt!","تم إنشاء الشركة بنجاح!"
"Company details","Company details","Bedrijfsgegevens","تفاصيل الشركة"
"Complete Profile","Complete Profile","Profiel voltooien","إكمال الملف الشخصي"
"Connections Details","Connections Details","Verbindingsdetails","تفاصيل الاتصالات"
"Country Code","Country Code","Landcode","رمز الدولة"
"Country code","Country code","Landcode","رمز الدولة"
"Create Account","Create Account","Account aanmaken","إنشاء حساب"
"Create Booking","Create Booking","Boeking aanmaken","إنشاء حجز"
"Create New Ticket","Create New Ticket","Nieuw ticket aanmaken","إنشاء تذكرة جديدة"
"Curr..","Curr..","Valuta..","العملة.."
"Daycare Contract","Daycare Contract","Kinderopvangcontract","عقد رعاية الأطفال"
"Delete File","Delete File","Bestand verwijderen","حذف الملف"
"Departure","Departure","Vertrek","المغادرة"
"Description is required.","Description is required.","Beschrijving is verplicht.","الوصف مطلوب."
"Destination","Destination","Bestemming","الوجهة"
"Destination Address","Destination Address","Bestemmingsadres","عنوان الوجهة"
"Destination address","Destination address","Bestemmingsadres","عنوان الوجهة"
"Display Name","Display Name","Weergavenaam","اسم العرض"
"Document nr (ID/Paspoort)","Document nr (ID/Paspoort)","Documentnr. (ID/Paspoort)","رقم الوثيقة (الهوية/جواز السفر)"
"Driver","Driver","Chauffeur","السائق"
"Easy check-in & check-out","Easy check-in & check-out","Eenvoudig in- en uitchecken","تسجيل دخول وخروج سهل"
"Email Adres","Email Adres","E-mailadres","عنوان البريد الإلكتروني"
"Employer","Employer","Werkgever","صاحب العمل"
"End Datum","End Datum","Einddatum","تاريخ الانتهاء"
"Enter Naam","Enter Naam","Voer naam in","أدخل الاسم"
"Enter a valid company name","Enter a valid company name","Voer een geldige bedrijfsnaam in","أدخل اسم شركة صالح"
"Enter a valid phone number","Enter a valid phone number","Voer een geldig telefoonnummer in","أدخل رقم هاتف صالح"
"Enter address","Enter address","Voer adres in","أدخل العنوان"
"Enter birth place","Enter birth place","Voer geboorteplaats in","أدخل مكان الميلاد"
"Enter comment","Enter comment","Voer opmerking in","أدخل التعليق"
"Enter description","Enter description","Voer beschrijving in","أدخل الوصف"
"Enter destination address","Enter destination address","Voer bestemmingsadres in","أدخل عنوان الوجهة"
"Enter first name","Enter first name","Voer voornaam in","أدخل الاسم الأول"
"Enter middle name","Enter middle name","Voer voorvoegsel in","أدخل الاسم الأوسط"
"Enter pickup address","Enter pickup address","Voer ophaaladres in","أدخل عنوان الاستلام"
"Enter stop address","Enter stop address","Voer stopadres in","أدخل عنوان المحطة"
"Enter task name","Enter task name","Voer taaknaam in","أدخل اسم المهمة"
"Enter ticket title","Enter ticket title","Voer tickettitel in","أدخل عنوان التذكرة"
"Enter whatsapp number","Enter whatsapp number","Voer whatsapp nummer in","أدخل رقم واتساب"
"Enter your email and address","Enter your email and address","Voer je e-mailadres en adres in","أدخل بريدك الإلكتروني وعنوانك"
"Enter your personal information","Enter your personal information","Voer je persoonlijke gegevens in","أدخل معلوماتك الشخصية"
"Executor","Executor","Uitvoerder","المنفذ"
"Extra Stop","Extra Stop","Extra stop","محطة إضافية"
"Filter By Status","Filter By Status","Filteren op status","تصفية حسب الحالة"
"Financieel","Financial","Financieel","المالية"
"Flight Schedule","Flight Schedule","Vluchtschema","جدول الرحلات"
"Function Title","Function Title","Functietitel","المسمى الوظيفي"
"Geen Standby","Geen Standby","Geen standby","لا يوجد احتياط"
"Go back","Go back","Ga terug","العودة"
"Goedkeuren","Goedkeuren","Goedkeuren","الموافقة"
"Google maps","Google maps","Google Maps","خرائط جوجل"
"Grant permission","Grant permission","Toestemming verlenen","منح الإذن"
"Guest List","Guest List","Gastenlijst","قائمة الضيوف"
"How much did you receive?","How much did you receive?","Hoeveel heeft u ontvangen?","كم استلمت؟"
"Huurder","Huurder","Huurder","المستأجر"
"ID Ascending","ID Ascending","ID oplopend","المعرف تصاعدي"
"ID Descending","ID Descending","ID aflopend","المعرف تنازلي"
"Id","Id","ID","المعرف"
"Install","Install","Installeren","تثبيت"
"Invalid Number","Invalid Number","Ongeldig nummer","رقم غير صالح"
"KVK","KVK","KVK","KVK"
"Kind","Kind","Kind","الطفل"
"Kind Name","Kind Name","Kindnaam","اسم الطفل"
"Leave created successfully","Leave created successfully","Verlof succesvol aangemaakt","تم إنشاء الإجازة بنجاح"
"Location unavailable","Location unavailable","Locatie niet beschikbaar","الموقع غير متاح"
"Luggage","Luggage","Bagage","الأمتعة"
"Max persons","Max persons","Max. personen","الحد الأقصى للأشخاص"
"Menu","Menu","Menu","القائمة"
"Middle Name","Middle Name","Voorvoegsel","الاسم الأوسط"
"Mobile No.","Mobile No.","Mobiel nr.","رقم الجوال"
"My Booking","My Booking","Mijn boeking","حجزي"
"Name","Name","Naam","الاسم"
"New Note","New Note","Nieuwe notitie","ملاحظة جديدة"
"New Note Add","New Note Add","Nieuwe notitie toevoegen","إضافة ملاحظة جديدة"
"No Comments Yet","No Comments Yet","Nog geen opmerkingen","لا توجد تعليقات بعد"
"No Connections Found.","No Connections Found.","Geen verbindingen gevonden.","لم يتم العثور على اتصالات."
"No Contracts Found.","No Contracts Found.","Geen contracten gevonden.","لم يتم العثور على عقود."
"No Events Found","No Events Found","Geen evenementen gevonden","لم يتم العثور على أحداث"
"No Request Found.","No Request Found.","Geen verzoek gevonden.","لم يتم العثور على طلب."
"No Tickets Found","No Tickets Found","Geen tickets gevonden","لم يتم العثور على تذاكر"
"No Work Orders Found.","No Work Orders Found.","Geen werkorders gevonden.","لم يتم العثور على أوامر عمل."
"No countries found","No countries found","Geen landen gevonden","لم يتم العثور على دول"
"No data found","No data found","Geen gegevens gevonden","لم يتم العثور على بيانات"
"No file chosen","No file chosen","Geen bestand gekozen","لم يتم اختيار ملف"
"No internet connection","No internet connection","Geen internetverbinding","لا يوجد اتصال بالإنترنت"
"None","None","Geen","لا شيء"
"OTP resent successfully","OTP resent successfully","OTP opnieuw verzonden","تم إعادة إرسال OTP بنجاح"
"Opmerking","Opmerking","Opmerking","ملاحظة"
"Opnieuw","Reset","Opnieuw","إعادة تعيين"
"Optional","Optional","Optioneel","اختياري"
"Order Created By","Order Created By","Bestelling aangemaakt door","تم إنشاء الطلب بواسطة"
"Outstading","Outstading","Openstaand","المستحق"
"Parent 1","Parent 1","Ouder 1","الوالد 1"
"Parent 2","Parent 2","Ouder 2","الوالد 2"
"Past Events","Past Events","Afgelopen evenementen","الأحداث السابقة"
"Pay Job","Pay Job","Betaal klus","دفع المهمة"
"Pay Now","Pay Now","Nu betalen","ادفع الآن"
"Pay order","Pay order","Bestelling betalen","دفع الطلب"
"Payment saved","Payment saved","Betaling opgeslagen","تم حفظ الدفع"
"Permission required to access photos","Permission required to access photos","Toestemming vereist voor foto's","الإذن مطلوب للوصول إلى الصور"
"Personal Details","Personal Details","Persoonlijke gegevens","التفاصيل الشخصية"
"Personalia","Personalia","Personalia","البيانات الشخصية"
"Phone country code","Phone country code","Telefoon landcode","رمز دولة الهاتف"
"Pickup Address","Pickup Address","Ophaaladres","عنوان الاستلام"
"Please Enter Ammount!","Please Enter Ammount!","Voer bedrag in!","يرجى إدخال المبلغ!"
"Please Enter Comments!","Please Enter Comments!","Voer opmerkingen in!","يرجى إدخال التعليقات!"
"Please Enter Note","Please Enter Note","Voer notitie in","يرجى إدخال الملاحظة"
"Please check your internet and try again.","Please check your internet and try again.","Controleer je internetverbinding en probeer opnieuw.","يرجى التحقق من الإنترنت والمحاولة مرة أخرى."
"Please complete your profile to continue","Please complete your profile to continue","Voltooi je profiel om door te gaan","يرجى إكمال ملفك الشخصي للمتابعة"
"Please enter address","Please enter address","Voer adres in","يرجى إدخال العنوان"
"Please enter comment","Please enter comment","Voer opmerking in","يرجى إدخال التعليق"
"Please enter company name","Please enter company name","Voer bedrijfsnaam in","يرجى إدخال اسم الشركة"
"Please enter signature","Please enter signature","Voer handtekening in","يرجى إدخال التوقيع"
"Please enter task name","Please enter task name","Voer taaknaam in","يرجى إدخال اسم المهمة"
"Please fill all required fields","Please fill all required fields","Vul alle verplichte velden in","يرجى ملء جميع الحقول المطلوبة"
"Please fill required fields","Please fill required fields","Vul verplichte velden in","يرجى ملء الحقول المطلوبة"
"Please select contract and schedule","Please select contract and schedule","Selecteer contract en planning","يرجى اختيار العقد والجدول"
"Please select country code","Please select country code","Selecteer een landcode","يرجى اختيار رمز الدولة"
"Please select customer","Please select customer","Selecteer klant","يرجى اختيار العميل"
"Please select language","Please select language","Selecteer een taal","يرجى اختيار اللغة"
"Please select priority","Please select priority","Selecteer prioriteit","يرجى اختيار الأولوية"
"Please select salutation","Please select salutation","Selecteer alstublieft aanhef","يرجى اختيار اللقب"
"Please select start and destination","Please select start and destination","Selecteer start en bestemming","يرجى اختيار نقطة البداية والوجهة"
"Please select subcategory","Please select subcategory","Selecteer subcategorie","يرجى اختيار الفئة الفرعية"
"Pricing","Pricing","Prijzen","التسعير"
"Private Comment","Private Comment","Privé opmerking","تعليق خاص"
"Product created successfully","Product created successfully","Product succesvol aangemaakt","تم إنشاء المنتج بنجاح"
"Product list server error","Product list failed on the server (invalid product price data). Please ask your administrator to fix the backend.","Productlijst mislukt op de server (ongeldige productprijsgegevens). Vraag uw beheerder om de backend te repareren.","فشلت قائمة المنتجات على الخادم (بيانات سعر المنتج غير صالحة). يرجى مطالبة المسؤول بإصلاح الخادم."
"Profile updated successfully","Profile updated successfully","Profiel succesvol bijgewerkt","تم تحديث الملف الشخصي بنجاح"
"Project Check In","Project Check In","Project inchecken","تسجيل دخول المشروع"
"Project Check Out","Project Check Out","Project uitchecken","تسجيل خروج المشروع"
"Project Name is required","Project Name is required","Project Name is required","اسم المشروع مطلوب"
"Project Type","Project Type","Project Type","نوع المشروع"
"Project Type is required","Project Type is required","Project Type is required","نوع المشروع مطلوب"
"Projects","Projects","Projecten","المشاريع"
"Rebuild the app after installing image picker. Run: npx expo run:android","Please rebuild the app: npx expo run:android","Herbouw de app na installatie van image picker. Voer uit: npx expo run:android","يرجى إعادة بناء التطبيق: npx expo run:android"
"Register with your WhatsApp number","Register with your WhatsApp number","Registreer met je WhatsApp-nummer","سجل برقم واتساب"
"Relaties","Relaties","Relaties","العلاقات"
"Save Note","Save Note","Notitie opslaan","حفظ الملاحظة"
"Scan event QR code","Scan event QR code","Scan evenement QR-code","مسح رمز QR للحدث"
"Scanner","Scanner","Scanner","الماسح"
"Schedule","Schedule","Planning","الجدول"
"Schedule found","Schedule found","Planning gevonden","تم العثور على الجدول"
"School","School","School","المدرسة"
"Search connection","Search connection","Zoek verbinding","بحث عن اتصال"
"Search country","Search country","Zoek land","بحث عن دولة"
"Search customer","Search customer","Zoek klant","بحث عن عميل"
"Search priority","Search priority","Zoek prioriteit","بحث عن الأولوية"
"Search project","Search project","Zoek project","بحث عن مشروع"
"Search tasks, complaints","Search tasks, complaints","Zoek taken, klachten","بحث عن مهام، شكاوى"
"Search tenant contracts","Search tenant contracts","Zoek huurcontracten","بحث عن عقود الإيجار"
"Search ticket, name, id","Search ticket, name, id","Zoek ticket, naam, id","بحث عن تذكرة، اسم، معرف"
"Search works orders","Search works orders","Zoek werkorders","بحث عن أوامر العمل"
"Search.......","Search.......","Zoeken.......","بحث......."
"Select Priority","Select Priority","Selecteer prioriteit","اختر الأولوية"
"Select Relatie...","Select Relatie...","Selecteer relatie...","اختر العلاقة..."
"Select Tax","Select Tax","Selecteer belasting","اختر الضريبة"
"Select Template","Select Template","Selecteer sjabloon","اختر القالب"
"Select action","Select action","Selecteer actie","اختر الإجراء"
"Select birth date","Select birth date","Selecteer geboortedatum","اختر تاريخ الميلاد"
"Select category","Select category","Selecteer categorie","اختر الفئة"
"Select contract","Select contract","Selecteer contract","اختر العقد"
"Select country code","Select country code","Selecteer landcode","اختر رمز الدولة"
"Select customer","Select customer","Selecteer klant","اختر العميل"
"Select date","Select date","Selecteer datum","اختر التاريخ"
"Select priority","Select priority","Selecteer prioriteit","اختر الأولوية"
"Select profile photo","Select profile photo","Selecteer profielfoto","اختر صورة الملف الشخصي"
"Select project","Select project","Selecteer project","اختر المشروع"
"Select project name","Select project name","Selecteer projectnaam","اختر اسم المشروع"
"Select project type","Select project type","Selecteer projecttype","اختر نوع المشروع"
"Select salutation","Select salutation","Selecteer aanhef","اختر اللقب"
"Select saved address","Select saved address","Selecteer opgeslagen adres","اختر العنوان المحفوظ"
"Select subcategory","Select subcategory","Select subcategory","اختر الفئة الفرعية"
"Select template","Select template","Selecteer sjabloon","اختر القالب"
"Server error, please try again","Server error, please try again","Serverfout, probeer opnieuw","خطأ في الخادم، يرجى المحاولة مرة أخرى"
"Service Time","Service Time","Servicetijd","وقت الخدمة"
"Session expired, please login again","Session expired, please login again","Sessie verlopen, log opnieuw in","انتهت الجلسة، يرجى تسجيل الدخول مرة أخرى"
"Smart solutions for modern businesses","Smart solutions for modern businesses","Slimme oplossingen voor moderne bedrijven","حلول ذكية للأعمال الحديثة"
"Social","Social","Social","التواصل الاجتماعي"
"Sort By ID","Sort By ID","Sorteer op ID","ترتيب حسب المعرف"
"Start Datum","Start Datum","Startdatum","تاريخ البداية"
"Start address","Start address","Startadres","عنوان البداية"
"Start point","Start point","Startpunt","نقطة البداية"
"Status Updated","Status Updated","Status bijgewerkt","تم تحديث الحالة"
"Step","Step","Stap","خطوة"
"Subcategory","Subcategory","Subcategorie","الفئة الفرعية"
"Submitted","Submitted","Ingediend","تم الإرسال"
"Suitcase","Suitcase","Koffer","حقيبة سفر"
"Tap to upload profile photo","Tap to upload profile photo","Tik om profielfoto te uploaden","اضغط لرفع صورة الملف الشخصي"
"Tasks/Complaints","Tasks/Complaints","Taken/Klachten","المهام/الشكاوى"
"Tasks/Complaints Details","Tasks/Complaints Details","Taken/Klachten details","تفاصيل المهام/الشكاوى"
"Template","Template","Sjabloon","القالب"
"Tenant Contracts Details","Tenant Contracts Details","Huurcontractdetails","تفاصيل عقود الإيجار"
"The WhatsApp number is not valid.","The WhatsApp number is not valid.","Het WhatsApp-nummer is niet geldig.","رقم واتساب غير صالح."
"This field is required","This field is required","Dit veld is verplicht","هذا الحقل مطلوب"
"Ticket Details","Ticket Details","Ticketdetails","تفاصيل التذكرة"
"Ticket Fetch Failed","Ticket Fetch Failed","Ticket ophalen mislukt","فشل جلب التذكرة"
"Ticket created successfully","Ticket created successfully","Ticket succesvol aangemaakt","تم إنشاء التذكرة بنجاح"
"Ticket name is required","Ticket name is required","Ticketnaam is verplicht","اسم التذكرة مطلوب"
"Ticket updated successfully","Ticket updated successfully","Ticket succesvol bijgewerkt","تم تحديث التذكرة بنجاح"
"Tickets","Tickets","Tickets","التذاكر"
"TikTok","TikTok","TikTok","تيك توك"
"Title is required.","Title is required.","Titel is verplicht.","العنوان مطلوب."
"To - Do","To - Do","Te doen","المهام"
"Tour","Tour","Tour","جولة"
"Travel cost","Travel cost","Reiskosten","تكلفة السفر"
"Trip Type","Trip Type","Reistype","نوع الرحلة"
"Trolly","Trolly","Trolley","عربة"
"Try again","Try again","Opnieuw proberen","حاول مرة أخرى"
"Undo","Undo","Ongedaan maken","تراجع"
"Update Now","Update Now","Nu updaten","تحديث الآن"
"Update failed","Update failed","Bijwerken mislukt","فشل التحديث"
"Updated","Updated","Bijgewerkt","تم التحديث"
"Updated successfully","Updated successfully","Succesvol bijgewerkt","تم التحديث بنجاح"
"Use custom destination address","Use custom destination address","Aangepast bestemmingsadres gebruiken","استخدام عنوان وجهة مخصص"
"Use custom pickup address","Use custom pickup address","Aangepast ophaaladres gebruiken","استخدام عنوان استلام مخصص"
"Vehicle Category","Vehicle Category","Voertuigcategorie","فئة المركبة"
"Vehicle price","Vehicle price","Voertuigprijs","سعر المركبة"
"Vendor Detail","Vendor Detail","Leveranciersdetail","تفاصيل المورد"
"Verify Email Address","Verify Email Address","E-mailadres verifiëren","تحقق من عنوان البريد الإلكتروني"
"Wait","Wait","Wachten","انتظر"
"Waiting for connection...","Waiting for connection...","Wachten op verbinding...","في انتظار الاتصال..."
"We","We","Wij","نحن"
"Week","Week","Week","أسبوع"
"Welcome to","Welcome to","Welkom bij","مرحباً بك في"
"WhatsApp Not Available","WhatsApp Not Available","WhatsApp niet beschikbaar","واتساب غير متاح"
"WhatsApp Number","WhatsApp Number","WhatsApp nummer","رقم واتساب"
"WhatsApp country code","WhatsApp country code","WhatsApp landcode","رمز دولة واتساب"
"WhatsApp is not installed on your device. Would you like to install it?","WhatsApp is not installed on your device. Would you like to install it?","WhatsApp is niet geïnstalleerd op uw apparaat. Wilt u het installeren?","واتساب غير مثبت على جهازك. هل تريد تثبيته؟"
"Whatsapp No.","Whatsapp No.","WhatsApp nr.","رقم واتساب"
"Work Order","Work Order","Werkorder","أمر العمل"
"Work Orders","Work Orders","Werkorders","أوامر العمل"
"Work Orders Details","Work Orders Details","Werkorderdetails","تفاصيل أوامر العمل"
"YES","YES","JA","نعم"
"Yes, Delete","Yes, Delete","Ja, verwijderen","نعم، احذف"
"YouTube","YouTube","YouTube","يوتيوب"
"Your Address","Your Address","Uw adres","عنوانك"
"Your app version is outdated. Please update to the latest version.","Your app version is outdated. Please update to the latest version.","Uw appversie is verouderd. Update naar de nieuwste versie.","إصدار التطبيق قديم. يرجى التحديث إلى أحدث إصدار."
"deadline","deadline","deadline","الموعد النهائي"
"select Project","select Project","selecteer project","اختر المشروع"
"select project","select project","selecteer project","اختر المشروع"
"uur","uur","uur","ساعة"
